,Fund Name,P1,P2,P3,P4,P5,Score,Rank
0,M1,0.93,0.86,3.6,39.9,11.32,0.5847461044929018,2
1,M2,0.61,0.37,5.6,33.2,9.95,0.22210366631321857,8
2,M3,0.76,0.58,3.1,45.3,12.44,0.5402993434986818,3
3,M4,0.74,0.55,6.5,52.0,14.95,0.4616051027661345,6
4,M5,0.61,0.37,6.3,39.5,11.7,0.2509314150197319,7
5,M6,0.85,0.72,5.2,67.6,18.59,0.7376740615495225,1
6,M7,0.95,0.9,5.8,38.6,11.56,0.5166676311272411,5
7,M8,0.8,0.64,6.2,53.1,15.19,0.5301621523570279,4
